{
    "root_group": {
        "groups": {},
        "checks": {
                "status is 200 (yarp)": {
                    "id": "360881e99a05da1348722e3195b23c16",
                    "passes": 206999,
                    "fails": 0,
                    "name": "status is 200 (yarp)",
                    "path": "::status is 200 (yarp)"
                },
                "status is 200 (ocelot)": {
                    "id": "f46c8a51c3f0c694fc5d38fe7ecae7b0",
                    "passes": 206552,
                    "fails": 0,
                    "name": "status is 200 (ocelot)",
                    "path": "::status is 200 (ocelot)"
                }
            },
        "name": "",
        "path": "",
        "id": "d41d8cd98f00b204e9800998ecf8427e"
    },
    "metrics": {
        "http_req_sending": {
            "avg": 0.016193665417330937,
            "min": 0.0039,
            "med": 0.008901,
            "max": 11.362756,
            "p(90)": 0.029702,
            "p(95)": 0.032402
        },
        "dropped_iterations": {
            "count": 447,
            "rate": 1.465650836935651
        },
        "http_req_blocked": {
            "avg": 0.00432881651114407,
            "min": 0,
            "med": 0.0021,
            "max": 59.85375,
            "p(90)": 0.0031,
            "p(95)": 0.0036
        },
        "checks": {
            "passes": 413551,
            "fails": 0,
            "value": 1
        },
        "data_received": {
            "count": 78988241,
            "rate": 258991.4575609058
        },
        "ocelot_latency": {
            "avg": 7.530212775983755,
            "min": 0.043502,
            "med": 0.676246,
            "max": 201.274912,
            "p(90)": 22.746767199999987,
            "p(95)": 45.82226669999999,
            "thresholds": {
                "p(95)<50": false
            }
        },
        "vus": {
            "value": 0,
            "min": 0,
            "max": 362
        },
        "iteration_duration": {
            "avg": 4.210429363004782,
            "min": 0.349524,
            "med": 0.681546,
            "max": 225.816751,
            "p(90)": 2.371108,
            "p(95)": 23.496677499999997
        },
        "http_req_failed{gateway:ocelot}": {
            "passes": 0,
            "fails": 206552,
            "thresholds": {
                "rate<0.01": false
            },
            "value": 0
        },
        "yarp_latency": {
            "p(90)": 0.72795,
            "p(95)": 0.8898611,
            "avg": 0.7402730788892595,
            "min": 0.044502,
            "med": 0.553536,
            "max": 217.061652,
            "thresholds": {
                "p(95)<50": false
            }
        },
        "http_req_failed": {
            "passes": 0,
            "fails": 413551,
            "value": 0
        },
        "data_sent": {
            "count": 38046245,
            "rate": 124748.34636802868
        },
        "http_req_duration": {
            "med": 0.60984,
            "max": 217.061652,
            "p(90)": 2.255548,
            "p(95)": 23.400920499999998,
            "avg": 4.131573364257359,
            "min": 0.043502
        },
        "iterations": {
            "count": 413551,
            "rate": 1355.9762175963654
        },
        "vus_max": {
            "value": 757,
            "min": 600,
            "max": 757
        },
        "http_reqs": {
            "count": 413551,
            "rate": 1355.9762175963654
        },
        "http_req_duration{expected_response:true}": {
            "avg": 4.131573364257359,
            "min": 0.043502,
            "med": 0.60984,
            "max": 217.061652,
            "p(90)": 2.255548,
            "p(95)": 23.400920499999998
        },
        "http_req_connecting": {
            "p(95)": 0,
            "avg": 0.001724655060681752,
            "min": 0,
            "med": 0,
            "max": 59.639136,
            "p(90)": 0
        },
        "http_req_tls_handshaking": {
            "min": 0,
            "med": 0,
            "max": 0,
            "p(90)": 0,
            "p(95)": 0,
            "avg": 0
        },
        "http_req_waiting": {
            "avg": 4.078803568186331,
            "min": 0,
            "med": 0.557637,
            "max": 216.876239,
            "p(90)": 2.195948,
            "p(95)": 23.355555
        },
        "http_req_receiving": {
            "p(90)": 0.049703,
            "p(95)": 0.0594535,
            "avg": 0.03657613065377647,
            "min": 0.007401,
            "med": 0.035803,
            "max": 40.013687
        },
        "http_req_failed{gateway:yarp}": {
            "fails": 206999,
            "passes": 0,
            "thresholds": {
                "rate<0.01": false
            },
            "value": 0
        }
    }
}