{
    "root_group": {
        "path": "",
        "id": "d41d8cd98f00b204e9800998ecf8427e",
        "groups": {},
        "checks": {
                "status is 200 (yarp)": {
                    "path": "::status is 200 (yarp)",
                    "id": "360881e99a05da1348722e3195b23c16",
                    "passes": 206626,
                    "fails": 0,
                    "name": "status is 200 (yarp)"
                },
                "status is 200 (ocelot)": {
                    "name": "status is 200 (ocelot)",
                    "path": "::status is 200 (ocelot)",
                    "id": "f46c8a51c3f0c694fc5d38fe7ecae7b0",
                    "passes": 204903,
                    "fails": 0
                },
                "status is 200 (fast)": {
                    "name": "status is 200 (fast)",
                    "path": "::status is 200 (fast)",
                    "id": "230a9b7eb5002dda247905133073ac38",
                    "passes": 202261,
                    "fails": 0
                }
            },
        "name": ""
    },
    "metrics": {
        "http_req_waiting": {
            "avg": 23.62934630361548,
            "min": 0,
            "med": 0.6092234999999999,
            "max": 14239.580343,
            "p(90)": 21.218226499999876,
            "p(95)": 83.88684654999983
        },
        "http_req_receiving": {
            "min": 0.0074,
            "med": 0.038202,
            "max": 9.534415,
            "p(90)": 0.057604,
            "p(95)": 0.067905,
            "avg": 0.04066141002948925
        },
        "http_req_duration": {
            "avg": 23.686612397902877,
            "min": 0.049202,
            "med": 0.666148,
            "max": 14239.697849,
            "p(90)": 21.263027999999984,
            "p(95)": 83.93890599999999
        },
        "http_req_blocked": {
            "p(95)": 0.0041,
            "avg": 9.119063887414173,
            "min": 0.0008,
            "med": 0.0023,
            "max": 15888.390047,
            "p(90)": 0.0035
        },
        "ocelot_latency": {
            "min": 0.051702,
            "med": 0.68874,
            "max": 916.027024,
            "p(90)": 19.071425200000082,
            "p(95)": 43.1670699,
            "avg": 10.9428864059042,
            "thresholds": {
                "p(95)<50": false
            }
        },
        "data_sent": {
            "count": 56264696,
            "rate": 122321.16665308023
        },
        "http_req_tls_handshaking": {
            "med": 0,
            "max": 0,
            "p(90)": 0,
            "p(95)": 0,
            "avg": 0,
            "min": 0
        },
        "http_req_failed{gateway:fast}": {
            "passes": 0,
            "fails": 202261,
            "thresholds": {
                "rate<0.01": false
            },
            "value": 0
        },
        "iterations": {
            "count": 613790,
            "rate": 1334.398196695031
        },
        "http_req_failed{gateway:ocelot}": {
            "passes": 0,
            "fails": 204903,
            "thresholds": {
                "rate<0.01": false
            },
            "value": 0
        },
        "checks": {
            "passes": 613790,
            "fails": 0,
            "value": 1
        },
        "iteration_duration": {
            "max": 15898.367032,
            "p(90)": 21.561668699999977,
            "p(95)": 84.33276354999973,
            "avg": 32.885567096454785,
            "min": 0.39883,
            "med": 0.743737
        },
        "http_reqs": {
            "count": 613790,
            "rate": 1334.398196695031
        },
        "http_req_duration{expected_response:true}": {
            "p(90)": 21.263027999999984,
            "p(95)": 83.93890599999999,
            "avg": 23.686612397902877,
            "min": 0.049202,
            "med": 0.666148,
            "max": 14239.697849
        },
        "vus_max": {
            "min": 400,
            "max": 2925,
            "value": 2925
        },
        "vus": {
            "value": 0,
            "min": 0,
            "max": 1621
        },
        "http_req_failed": {
            "passes": 0,
            "fails": 613790,
            "value": 0
        },
        "data_received": {
            "count": 126942418,
            "rate": 275976.6918055146
        },
        "http_req_connecting": {
            "avg": 9.116118632041907,
            "min": 0,
            "med": 0,
            "max": 15888.341745,
            "p(90)": 0,
            "p(95)": 0
        },
        "http_req_sending": {
            "avg": 0.01660468425846115,
            "min": 0.0035,
            "med": 0.009301,
            "max": 6.67673,
            "p(90)": 0.031003,
            "p(95)": 0.035002
        },
        "http_req_failed{gateway:yarp}": {
            "passes": 0,
            "fails": 206626,
            "thresholds": {
                "rate<0.01": false
            },
            "value": 0
        },
        "yarp_latency": {
            "avg": 1.5853702131532055,
            "min": 0.049202,
            "med": 0.595545,
            "max": 196.596313,
            "p(90)": 0.9900765,
            "p(95)": 1.63956075,
            "thresholds": {
                "p(95)<50": false
            }
        },
        "dropped_iterations": {
            "count": 7207,
            "rate": 15.668238002543358
        },
        "fast_latency": {
            "min": 0.056902,
            "med": 0.754828,
            "max": 14239.697849,
            "p(90)": 93.560645,
            "p(95)": 137.34654,
            "avg": 59.1750108266889,
            "thresholds": {
                "p(95)<50": true
            }
        }
    }
}